ADC Channel - Charge distribution;ADC Counts - Charge distribution
-99,5;0
-98,5;0
-97,5;0
-96,5;0
-95,5;0
-94,5;0
-93,5;0
-92,5;0
-91,5;0
-90,5;0
-89,5;0
-88,5;0
-87,5;0
-86,5;0
-85,5;0
-84,5;0
-83,5;0
-82,5;0
-81,5;0
-80,5;0
-79,5;0
-78,5;0
-77,5;0
-76,5;0
-75,5;0
-74,5;0
-73,5;0
-72,5;0
-71,5;0
-70,5;0
-69,5;0
-68,5;0
-67,5;0
-66,5;0
-65,5;0
-64,5;0
-63,5;0
-62,5;0
-61,5;0
-60,5;0
-59,5;0
-58,5;0
-57,5;0
-56,5;0
-55,5;0
-54,5;0
-53,5;0
-52,5;0
-51,5;0
-50,5;0
-49,5;0
-48,5;0
-47,5;0
-46,5;0
-45,5;0
-44,5;0
-43,5;0
-42,5;0
-41,5;0
-40,5;0
-39,5;0
-38,5;0
-37,5;0
-36,5;0
-35,5;0
-34,5;0
-33,5;0
-32,5;0
-31,5;0
-30,5;0
-29,5;0
-28,5;0
-27,5;0
-26,5;0
-25,5;0
-24,5;0
-23,5;0
-22,5;0
-21,5;0
-20,5;0
-19,5;0
-18,5;0
-17,5;0
-16,5;0
-15,5;0
-14,5;0
-13,5;0
-12,5;0
-11,5;0
-10,5;0
-9,5;0
-8,5;0
-7,5;0
-6,5;0
-5,5;0
-4,5;0
-3,5;0
-2,5;0
-1,5;0
-0,5;0
0,5;354
1,5;0
2,5;0
3,5;0
4,5;0
5,5;0
6,5;0
7,5;1
8,5;2
9,5;5
10,5;18
11,5;17
12,5;28
13,5;27
14,5;34
15,5;23
16,5;20
17,5;8
18,5;6
19,5;8
20,5;3
21,5;1
22,5;0
23,5;0
24,5;0
25,5;0
26,5;0
27,5;0
28,5;0
29,5;0
30,5;0
31,5;0
32,5;0
33,5;0
34,5;0
35,5;0
36,5;0
37,5;0
38,5;0
39,5;0
40,5;0
41,5;0
42,5;0
43,5;0
44,5;0
45,5;0
46,5;0
47,5;0
48,5;0
49,5;0
50,5;0
51,5;0
52,5;0
53,5;0
54,5;0
55,5;0
56,5;0
57,5;0
58,5;0
59,5;0
60,5;0
61,5;0
62,5;0
63,5;0
64,5;0
65,5;0
66,5;0
67,5;0
68,5;0
69,5;0
70,5;1
71,5;0
72,5;0
73,5;0
74,5;0
75,5;0
76,5;0
77,5;0
78,5;0
79,5;0
80,5;0
81,5;0
82,5;1
83,5;1
84,5;0
85,5;0
86,5;0
87,5;0
88,5;2
89,5;3
90,5;0
91,5;1
92,5;0
93,5;1
94,5;0
95,5;1
96,5;2
97,5;2
98,5;0
99,5;1
100,5;6
101,5;2
102,5;2
103,5;3
104,5;4
105,5;6
106,5;7
107,5;6
108,5;3
109,5;11
110,5;3
111,5;14
112,5;10
113,5;5
114,5;10
115,5;15
116,5;13
117,5;8
118,5;11
119,5;9
120,5;10
121,5;16
122,5;15
123,5;13
124,5;17
125,5;20
126,5;20
127,5;22
128,5;28
129,5;19
130,5;26
131,5;38
132,5;36
133,5;19
134,5;39
135,5;32
136,5;48
137,5;36
138,5;37
139,5;46
140,5;39
141,5;47
142,5;60
143,5;53
144,5;59
145,5;67
146,5;64
147,5;60
148,5;66
149,5;63
150,5;66
151,5;79
152,5;73
153,5;83
154,5;88
155,5;107
156,5;122
157,5;109
158,5;131
159,5;147
160,5;135
161,5;113
162,5;115
163,5;128
164,5;143
165,5;152
166,5;161
167,5;148
168,5;158
169,5;157
170,5;179
171,5;175
172,5;182
173,5;192
174,5;187
175,5;187
176,5;212
177,5;216
178,5;217
179,5;219
180,5;204
181,5;253
182,5;255
183,5;243
184,5;234
185,5;221
186,5;244
187,5;270
188,5;245
189,5;231
190,5;249
191,5;256
192,5;240
193,5;296
194,5;271
195,5;293
196,5;275
197,5;298
198,5;322
199,5;280
200,5;274
201,5;292
202,5;290
203,5;315
204,5;331
205,5;309
206,5;279
207,5;345
208,5;334
209,5;279
210,5;308
211,5;345
212,5;373
213,5;333
214,5;337
215,5;345
216,5;332
217,5;350
218,5;335
219,5;328
220,5;379
221,5;364
222,5;326
223,5;318
224,5;332
225,5;368
226,5;304
227,5;346
228,5;358
229,5;332
230,5;358
231,5;305
232,5;342
233,5;348
234,5;362
235,5;361
236,5;314
237,5;314
238,5;329
239,5;313
240,5;353
241,5;361
242,5;334
243,5;363
244,5;325
245,5;325
246,5;329
247,5;348
248,5;318
249,5;320
250,5;359
251,5;330
252,5;318
253,5;329
254,5;310
255,5;329
256,5;295
257,5;344
258,5;345
259,5;332
260,5;291
261,5;311
262,5;289
263,5;296
264,5;312
265,5;318
266,5;291
267,5;325
268,5;296
269,5;280
270,5;311
271,5;283
272,5;313
273,5;266
274,5;277
275,5;263
276,5;285
277,5;257
278,5;267
279,5;261
280,5;251
281,5;237
282,5;244
283,5;238
284,5;246
285,5;252
286,5;244
287,5;243
288,5;211
289,5;188
290,5;210
291,5;230
292,5;228
293,5;238
294,5;206
295,5;193
296,5;199
297,5;205
298,5;181
299,5;177
300,5;203
301,5;185
302,5;176
303,5;180
304,5;179
305,5;156
306,5;175
307,5;146
308,5;155
309,5;167
310,5;169
311,5;132
312,5;137
313,5;144
314,5;137
315,5;142
316,5;124
317,5;110
318,5;138
319,5;120
320,5;125
321,5;134
322,5;135
323,5;138
324,5;114
325,5;131
326,5;139
327,5;94
328,5;88
329,5;96
330,5;87
331,5;115
332,5;101
333,5;104
334,5;99
335,5;95
336,5;106
337,5;94
338,5;90
339,5;87
340,5;83
341,5;86
342,5;92
343,5;85
344,5;73
345,5;64
346,5;81
347,5;81
348,5;85
349,5;85
350,5;80
351,5;88
352,5;80
353,5;66
354,5;67
355,5;71
356,5;66
357,5;77
358,5;80
359,5;73
360,5;56
361,5;77
362,5;76
363,5;81
364,5;65
365,5;91
366,5;68
367,5;58
368,5;66
369,5;66
370,5;47
371,5;68
372,5;73
373,5;70
374,5;65
375,5;54
376,5;77
377,5;56
378,5;64
379,5;62
380,5;66
381,5;75
382,5;69
383,5;73
384,5;64
385,5;69
386,5;69
387,5;64
388,5;68
389,5;53
390,5;74
391,5;53
392,5;67
393,5;72
394,5;70
395,5;52
396,5;49
397,5;67
398,5;51
399,5;61
400,5;58
401,5;63
402,5;59
403,5;61
404,5;48
405,5;58
406,5;69
407,5;70
408,5;56
409,5;59
410,5;79
411,5;72
412,5;75
413,5;62
414,5;57
415,5;72
416,5;49
417,5;65
418,5;70
419,5;64
420,5;50
421,5;67
422,5;67
423,5;49
424,5;72
425,5;65
426,5;61
427,5;61
428,5;85
429,5;64
430,5;61
431,5;76
432,5;61
433,5;59
434,5;65
435,5;74
436,5;61
437,5;57
438,5;55
439,5;66
440,5;49
441,5;65
442,5;69
443,5;66
444,5;53
445,5;57
446,5;62
447,5;47
448,5;70
449,5;63
450,5;72
451,5;73
452,5;67
453,5;68
454,5;62
455,5;69
456,5;63
457,5;77
458,5;72
459,5;56
460,5;63
461,5;58
462,5;86
463,5;59
464,5;50
465,5;60
466,5;57
467,5;54
468,5;59
469,5;76
470,5;78
471,5;68
472,5;75
473,5;57
474,5;64
475,5;64
476,5;81
477,5;66
478,5;54
479,5;68
480,5;66
481,5;67
482,5;81
483,5;65
484,5;69
485,5;52
486,5;67
487,5;61
488,5;77
489,5;64
490,5;68
491,5;58
492,5;64
493,5;84
494,5;58
495,5;65
496,5;68
497,5;67
498,5;61
499,5;68
500,5;63
501,5;72
502,5;67
503,5;71
504,5;72
505,5;76
506,5;71
507,5;66
508,5;72
509,5;59
510,5;62
511,5;69
512,5;61
513,5;68
514,5;67
515,5;60
516,5;65
517,5;74
518,5;74
519,5;62
520,5;62
521,5;76
522,5;73
523,5;70
524,5;65
525,5;89
526,5;65
527,5;62
528,5;78
529,5;76
530,5;74
531,5;70
532,5;71
533,5;60
534,5;68
535,5;71
536,5;76
537,5;84
538,5;77
539,5;79
540,5;79
541,5;80
542,5;85
543,5;53
544,5;93
545,5;75
546,5;58
547,5;64
548,5;80
549,5;80
550,5;71
551,5;77
552,5;72
553,5;65
554,5;66
555,5;61
556,5;66
557,5;77
558,5;75
559,5;80
560,5;77
561,5;55
562,5;71
563,5;61
564,5;64
565,5;75
566,5;76
567,5;82
568,5;82
569,5;84
570,5;58
571,5;52
572,5;72
573,5;73
574,5;63
575,5;82
576,5;70
577,5;72
578,5;79
579,5;74
580,5;79
581,5;74
582,5;65
583,5;69
584,5;72
585,5;62
586,5;73
587,5;74
588,5;60
589,5;59
590,5;72
591,5;69
592,5;73
593,5;66
594,5;84
595,5;81
596,5;66
597,5;64
598,5;92
599,5;67
600,5;73
601,5;68
602,5;77
603,5;82
604,5;60
605,5;70
606,5;58
607,5;61
608,5;58
609,5;63
610,5;68
611,5;61
612,5;69
613,5;80
614,5;64
615,5;74
616,5;72
617,5;72
618,5;56
619,5;76
620,5;61
621,5;62
622,5;63
623,5;57
624,5;64
625,5;59
626,5;63
627,5;64
628,5;68
629,5;55
630,5;62
631,5;53
632,5;61
633,5;59
634,5;56
635,5;54
636,5;66
637,5;71
638,5;59
639,5;55
640,5;66
641,5;59
642,5;66
643,5;66
644,5;49
645,5;62
646,5;67
647,5;63
648,5;62
649,5;63
650,5;70
651,5;64
652,5;64
653,5;63
654,5;65
655,5;66
656,5;61
657,5;51
658,5;69
659,5;54
660,5;45
661,5;56
662,5;66
663,5;69
664,5;46
665,5;53
666,5;52
667,5;63
668,5;60
669,5;57
670,5;60
671,5;69
672,5;44
673,5;60
674,5;60
675,5;42
676,5;52
677,5;62
678,5;59
679,5;56
680,5;44
681,5;70
682,5;47
683,5;54
684,5;49
685,5;51
686,5;51
687,5;58
688,5;50
689,5;66
690,5;57
691,5;59
692,5;66
693,5;56
694,5;61
695,5;66
696,5;65
697,5;60
698,5;69
699,5;39
700,5;53
701,5;54
702,5;54
703,5;48
704,5;56
705,5;47
706,5;43
707,5;46
708,5;59
709,5;50
710,5;64
711,5;70
712,5;46
713,5;45
714,5;54
715,5;64
716,5;52
717,5;52
718,5;54
719,5;39
720,5;53
721,5;44
722,5;33
723,5;54
724,5;43
725,5;43
726,5;54
727,5;50
728,5;46
729,5;62
730,5;60
731,5;53
732,5;55
733,5;42
734,5;53
735,5;56
736,5;56
737,5;45
738,5;45
739,5;55
740,5;47
741,5;57
742,5;52
743,5;38
744,5;57
745,5;69
746,5;54
747,5;66
748,5;53
749,5;49
750,5;57
751,5;39
752,5;50
753,5;61
754,5;48
755,5;59
756,5;47
757,5;47
758,5;56
759,5;61
760,5;54
761,5;43
762,5;50
763,5;49
764,5;55
765,5;44
766,5;28
767,5;58
768,5;55
769,5;42
770,5;58
771,5;60
772,5;52
773,5;53
774,5;49
775,5;42
776,5;48
777,5;45
778,5;44
779,5;50
780,5;43
781,5;42
782,5;57
783,5;51
784,5;52
785,5;62
786,5;44
787,5;52
788,5;47
789,5;52
790,5;52
791,5;41
792,5;45
793,5;35
794,5;44
795,5;50
796,5;43
797,5;47
798,5;49
799,5;45
800,5;42
801,5;61
802,5;47
803,5;38
804,5;38
805,5;47
806,5;49
807,5;45
808,5;49
809,5;61
810,5;28
811,5;57
812,5;53
813,5;43
814,5;46
815,5;37
816,5;61
817,5;53
818,5;48
819,5;45
820,5;55
821,5;47
822,5;48
823,5;45
824,5;38
825,5;38
826,5;40
827,5;54
828,5;47
829,5;50
830,5;46
831,5;36
832,5;42
833,5;50
834,5;51
835,5;43
836,5;41
837,5;39
838,5;57
839,5;45
840,5;47
841,5;45
842,5;41
843,5;53
844,5;55
845,5;50
846,5;51
847,5;40
848,5;41
849,5;39
850,5;34
851,5;54
852,5;40
853,5;52
854,5;48
855,5;48
856,5;35
857,5;47
858,5;48
859,5;46
860,5;58
861,5;45
862,5;49
863,5;46
864,5;52
865,5;45
866,5;49
867,5;40
868,5;58
869,5;44
870,5;40
871,5;51
872,5;52
873,5;45
874,5;55
875,5;64
876,5;49
877,5;49
878,5;44
879,5;53
880,5;53
881,5;45
882,5;44
883,5;36
884,5;52
885,5;40
886,5;40
887,5;46
888,5;35
889,5;62
890,5;49
891,5;43
892,5;45
893,5;42
894,5;54
895,5;50
896,5;45
897,5;50
898,5;43
899,5;50
900,5;39
901,5;62
902,5;40
903,5;41
904,5;58
905,5;46
906,5;49
907,5;50
908,5;51
909,5;52
910,5;53
911,5;54
912,5;43
913,5;45
914,5;47
915,5;34
916,5;49
917,5;42
918,5;46
919,5;48
920,5;52
921,5;47
922,5;49
923,5;44
924,5;36
925,5;42
926,5;42
927,5;47
928,5;45
929,5;39
930,5;51
931,5;42
932,5;45
933,5;56
934,5;36
935,5;44
936,5;48
937,5;46
938,5;43
939,5;43
940,5;45
941,5;49
942,5;52
943,5;55
944,5;38
945,5;37
946,5;54
947,5;39
948,5;38
949,5;42
950,5;49
951,5;47
952,5;44
953,5;43
954,5;47
955,5;53
956,5;34
957,5;54
958,5;60
959,5;52
960,5;47
961,5;46
962,5;40
963,5;40
964,5;50
965,5;38
966,5;47
967,5;42
968,5;46
969,5;40
970,5;43
971,5;50
972,5;34
973,5;54
974,5;49
975,5;50
976,5;44
977,5;55
978,5;53
979,5;39
980,5;37
981,5;48
982,5;52
983,5;46
984,5;38
985,5;42
986,5;46
987,5;51
988,5;43
989,5;49
990,5;39
991,5;53
992,5;42
993,5;44
994,5;46
995,5;40
996,5;46
997,5;51
998,5;49
999,5;48
1000,5;50
1001,5;45
1002,5;50
1003,5;52
1004,5;44
1005,5;42
1006,5;41
1007,5;53
1008,5;40
1009,5;41
1010,5;43
1011,5;45
1012,5;49
1013,5;41
1014,5;49
1015,5;31
1016,5;59
1017,5;51
1018,5;54
1019,5;42
1020,5;42
1021,5;57
1022,5;50
1023,5;43
1024,5;46
1025,5;48
1026,5;41
1027,5;51
1028,5;42
1029,5;43
1030,5;53
1031,5;42
1032,5;53
1033,5;46
1034,5;45
1035,5;50
1036,5;49
1037,5;46
1038,5;48
1039,5;54
1040,5;41
1041,5;48
1042,5;66
1043,5;52
1044,5;44
1045,5;48
1046,5;43
1047,5;47
1048,5;48
1049,5;35
1050,5;43
1051,5;51
1052,5;64
1053,5;43
1054,5;46
1055,5;47
1056,5;47
1057,5;60
1058,5;45
1059,5;50
1060,5;46
1061,5;45
1062,5;48
1063,5;48
1064,5;49
1065,5;58
1066,5;45
1067,5;48
1068,5;37
1069,5;60
1070,5;49
1071,5;33
1072,5;35
1073,5;54
1074,5;45
1075,5;45
1076,5;48
1077,5;49
1078,5;61
1079,5;58
1080,5;58
1081,5;33
1082,5;69
1083,5;52
1084,5;34
1085,5;42
1086,5;48
1087,5;51
1088,5;58
1089,5;62
1090,5;66
1091,5;49
1092,5;56
1093,5;46
1094,5;44
1095,5;50
1096,5;55
1097,5;48
1098,5;50
1099,5;47
1100,5;43
1101,5;48
1102,5;55
1103,5;60
1104,5;42
1105,5;46
1106,5;53
1107,5;52
1108,5;39
1109,5;54
1110,5;41
1111,5;46
1112,5;51
1113,5;51
1114,5;42
1115,5;52
1116,5;41
1117,5;49
1118,5;41
1119,5;44
1120,5;52
1121,5;43
1122,5;47
1123,5;47
1124,5;52
1125,5;52
1126,5;52
1127,5;48
1128,5;51
1129,5;42
1130,5;59
1131,5;45
1132,5;61
1133,5;52
1134,5;47
1135,5;42
1136,5;51
1137,5;47
1138,5;49
1139,5;55
1140,5;48
1141,5;45
1142,5;47
1143,5;37
1144,5;52
1145,5;45
1146,5;55
1147,5;52
1148,5;44
1149,5;48
1150,5;53
1151,5;54
1152,5;51
1153,5;59
1154,5;61
1155,5;46
1156,5;51
1157,5;57
1158,5;44
1159,5;50
1160,5;50
1161,5;48
1162,5;48
1163,5;51
1164,5;55
1165,5;48
1166,5;45
1167,5;54
1168,5;40
1169,5;42
1170,5;47
1171,5;39
1172,5;48
1173,5;55
1174,5;45
1175,5;50
1176,5;48
1177,5;48
1178,5;41
1179,5;47
1180,5;53
1181,5;50
1182,5;56
1183,5;45
1184,5;54
1185,5;40
1186,5;41
1187,5;49
1188,5;42
1189,5;37
1190,5;36
1191,5;49
1192,5;58
1193,5;45
1194,5;45
1195,5;49
1196,5;49
1197,5;46
1198,5;56
1199,5;42
1200,5;61
1201,5;48
1202,5;46
1203,5;61
1204,5;56
1205,5;53
1206,5;69
1207,5;45
1208,5;47
1209,5;45
1210,5;43
1211,5;61
1212,5;38
1213,5;51
1214,5;46
1215,5;52
1216,5;48
1217,5;63
1218,5;47
1219,5;58
1220,5;39
1221,5;47
1222,5;35
1223,5;47
1224,5;40
1225,5;47
1226,5;52
1227,5;49
1228,5;61
1229,5;44
1230,5;48
1231,5;50
1232,5;52
1233,5;42
1234,5;42
1235,5;37
1236,5;48
1237,5;34
1238,5;51
1239,5;45
1240,5;55
1241,5;41
1242,5;48
1243,5;58
1244,5;43
1245,5;38
1246,5;60
1247,5;41
1248,5;46
1249,5;40
1250,5;35
1251,5;38
1252,5;58
1253,5;38
1254,5;43
1255,5;40
1256,5;52
1257,5;37
1258,5;51
1259,5;43
1260,5;41
1261,5;52
1262,5;47
1263,5;44
1264,5;42
1265,5;34
1266,5;41
1267,5;28
1268,5;49
1269,5;47
1270,5;50
1271,5;38
1272,5;36
1273,5;61
1274,5;51
1275,5;45
1276,5;47
1277,5;38
1278,5;49
1279,5;42
1280,5;49
1281,5;47
1282,5;37
1283,5;44
1284,5;53
1285,5;42
1286,5;40
1287,5;37
1288,5;49
1289,5;37
1290,5;54
1291,5;37
1292,5;42
1293,5;39
1294,5;46
1295,5;33
1296,5;39
1297,5;38
1298,5;38
1299,5;39
1300,5;32
1301,5;36
1302,5;51
1303,5;31
1304,5;43
1305,5;35
1306,5;43
1307,5;36
1308,5;44
1309,5;34
1310,5;46
1311,5;34
1312,5;50
1313,5;43
1314,5;39
1315,5;32
1316,5;48
1317,5;33
1318,5;41
1319,5;40
1320,5;43
1321,5;36
1322,5;44
1323,5;32
1324,5;45
1325,5;40
1326,5;43
1327,5;48
1328,5;39
1329,5;40
1330,5;34
1331,5;32
1332,5;49
1333,5;40
1334,5;46
1335,5;28
1336,5;37
1337,5;32
1338,5;56
1339,5;27
1340,5;44
1341,5;36
1342,5;29
1343,5;27
1344,5;34
1345,5;49
1346,5;25
1347,5;33
1348,5;23
1349,5;37
1350,5;44
1351,5;38
1352,5;33
1353,5;30
1354,5;26
1355,5;38
1356,5;45
1357,5;34
1358,5;42
1359,5;38
1360,5;39
1361,5;22
1362,5;27
1363,5;37
1364,5;44
1365,5;38
1366,5;41
1367,5;38
1368,5;35
1369,5;37
1370,5;42
1371,5;31
1372,5;37
1373,5;27
1374,5;29
1375,5;33
1376,5;27
1377,5;34
1378,5;36
1379,5;30
1380,5;27
1381,5;29
1382,5;20
1383,5;31
1384,5;28
1385,5;32
1386,5;17
1387,5;28
1388,5;29
1389,5;31
1390,5;25
1391,5;27
1392,5;31
1393,5;36
1394,5;18
1395,5;32
1396,5;27
1397,5;41
1398,5;28
1399,5;39
1400,5;22
1401,5;20
1402,5;17
1403,5;32
1404,5;24
1405,5;29
1406,5;32
1407,5;25
1408,5;27
1409,5;23
1410,5;27
1411,5;29
1412,5;28
1413,5;24
1414,5;32
1415,5;33
1416,5;21
1417,5;21
1418,5;29
1419,5;16
1420,5;20
1421,5;29
1422,5;25
1423,5;25
1424,5;28
1425,5;17
1426,5;21
1427,5;20
1428,5;18
1429,5;26
1430,5;25
1431,5;19
1432,5;20
1433,5;19
1434,5;20
1435,5;23
1436,5;33
1437,5;18
1438,5;18
1439,5;20
1440,5;17
1441,5;23
1442,5;20
1443,5;16
1444,5;18
1445,5;20
1446,5;22
1447,5;15
1448,5;15
1449,5;30
1450,5;17
1451,5;23
1452,5;22
1453,5;17
1454,5;12
1455,5;12
1456,5;20
1457,5;19
1458,5;14
1459,5;19
1460,5;17
1461,5;12
1462,5;19
1463,5;13
1464,5;17
1465,5;23
1466,5;26
1467,5;19
1468,5;16
1469,5;16
1470,5;21
1471,5;19
1472,5;11
1473,5;21
1474,5;19
1475,5;9
1476,5;20
1477,5;17
1478,5;17
1479,5;19
1480,5;9
1481,5;20
1482,5;20
1483,5;6
1484,5;13
1485,5;9
1486,5;20
1487,5;19
1488,5;8
1489,5;18
1490,5;15
1491,5;10
1492,5;14
1493,5;4
1494,5;13
1495,5;15
1496,5;12
1497,5;14
1498,5;10
1499,5;19
1500,5;15
1501,5;8
1502,5;20
1503,5;12
1504,5;9
1505,5;18
1506,5;9
1507,5;10
1508,5;9
1509,5;10
1510,5;12
1511,5;9
1512,5;12
1513,5;21
1514,5;6
1515,5;10
1516,5;11
1517,5;13
1518,5;3
1519,5;16
1520,5;10
1521,5;21
1522,5;12
1523,5;14
1524,5;14
1525,5;18
1526,5;17
1527,5;11
1528,5;14
1529,5;11
1530,5;9
1531,5;9
1532,5;11
1533,5;9
1534,5;8
1535,5;15
1536,5;9
1537,5;5
1538,5;17
1539,5;19
1540,5;8
1541,5;15
1542,5;12
1543,5;11
1544,5;7
1545,5;9
1546,5;12
1547,5;12
1548,5;10
1549,5;11
1550,5;7
1551,5;14
1552,5;13
1553,5;11
1554,5;9
1555,5;8
1556,5;16
1557,5;16
1558,5;8
1559,5;12
1560,5;10
1561,5;8
1562,5;10
1563,5;9
1564,5;8
1565,5;8
1566,5;6
1567,5;7
1568,5;14
1569,5;8
1570,5;6
1571,5;19
1572,5;16
1573,5;15
1574,5;7
1575,5;15
1576,5;12
1577,5;15
1578,5;10
1579,5;11
1580,5;9
1581,5;14
1582,5;10
1583,5;16
1584,5;13
1585,5;11
1586,5;14
1587,5;16
1588,5;14
1589,5;20
1590,5;11
1591,5;11
1592,5;17
1593,5;14
1594,5;14
1595,5;12
1596,5;13
1597,5;18
1598,5;13
1599,5;14
1600,5;13
1601,5;14
1602,5;18
1603,5;10
1604,5;18
1605,5;8
1606,5;16
1607,5;15
1608,5;12
1609,5;17
1610,5;17
1611,5;12
1612,5;11
1613,5;13
1614,5;16
1615,5;16
1616,5;20
1617,5;17
1618,5;18
1619,5;19
1620,5;23
1621,5;16
1622,5;16
1623,5;14
1624,5;21
1625,5;16
1626,5;23
1627,5;14
1628,5;19
1629,5;11
1630,5;15
1631,5;23
1632,5;21
1633,5;13
1634,5;14
1635,5;25
1636,5;22
1637,5;14
1638,5;19
1639,5;22
1640,5;16
1641,5;16
1642,5;22
1643,5;25
1644,5;33
1645,5;24
1646,5;22
1647,5;24
1648,5;30
1649,5;26
1650,5;24
1651,5;17
1652,5;20
1653,5;18
1654,5;24
1655,5;24
1656,5;30
1657,5;22
1658,5;27
1659,5;16
1660,5;24
1661,5;17
1662,5;28
1663,5;28
1664,5;21
1665,5;31
1666,5;30
1667,5;24
1668,5;30
1669,5;27
1670,5;17
1671,5;25
1672,5;25
1673,5;22
1674,5;22
1675,5;33
1676,5;32
1677,5;31
1678,5;40
1679,5;30
1680,5;22
1681,5;30
1682,5;30
1683,5;37
1684,5;40
1685,5;25
1686,5;30
1687,5;33
1688,5;32
1689,5;25
1690,5;32
1691,5;35
1692,5;34
1693,5;52
1694,5;35
1695,5;40
1696,5;32
1697,5;32
1698,5;38
1699,5;30
1700,5;40
1701,5;36
1702,5;25
1703,5;22
1704,5;35
1705,5;29
1706,5;32
1707,5;37
1708,5;37
1709,5;47
1710,5;36
1711,5;37
1712,5;28
1713,5;28
1714,5;37
1715,5;53
1716,5;41
1717,5;36
1718,5;40
1719,5;43
1720,5;50
1721,5;38
1722,5;40
1723,5;54
1724,5;58
1725,5;64
1726,5;39
1727,5;38
1728,5;45
1729,5;41
1730,5;44
1731,5;45
1732,5;49
1733,5;38
1734,5;38
1735,5;41
1736,5;52
1737,5;46
1738,5;40
1739,5;49
1740,5;39
1741,5;50
1742,5;62
1743,5;50
1744,5;51
1745,5;71
1746,5;53
1747,5;54
1748,5;50
1749,5;52
1750,5;58
1751,5;55
1752,5;67
1753,5;50
1754,5;57
1755,5;49
1756,5;51
1757,5;65
1758,5;63
1759,5;70
1760,5;59
1761,5;51
1762,5;55
1763,5;68
1764,5;84
1765,5;56
1766,5;56
1767,5;59
1768,5;60
1769,5;61
1770,5;82
1771,5;68
1772,5;71
1773,5;69
1774,5;70
1775,5;80
1776,5;67
1777,5;70
1778,5;64
1779,5;67
1780,5;75
1781,5;72
1782,5;69
1783,5;69
1784,5;71
1785,5;69
1786,5;71
1787,5;90
1788,5;77
1789,5;81
1790,5;75
1791,5;82
1792,5;85
1793,5;76
1794,5;91
1795,5;84
1796,5;73
1797,5;91
1798,5;77
1799,5;88
1800,5;84
1801,5;87
1802,5;94
1803,5;102
1804,5;90
1805,5;97
1806,5;93
1807,5;113
1808,5;94
1809,5;93
1810,5;96
1811,5;100
1812,5;88
1813,5;108
1814,5;90
1815,5;110
1816,5;114
1817,5;90
1818,5;96
1819,5;115
1820,5;101
1821,5;109
1822,5;95
1823,5;115
1824,5;99
1825,5;113
1826,5;104
1827,5;113
1828,5;113
1829,5;116
1830,5;107
1831,5;105
1832,5;107
1833,5;120
1834,5;101
1835,5;117
1836,5;110
1837,5;127
1838,5;100
1839,5;100
1840,5;98
1841,5;108
1842,5;111
1843,5;135
1844,5;123
1845,5;109
1846,5;117
1847,5;129
1848,5;111
1849,5;118
1850,5;111
1851,5;137
1852,5;105
1853,5;106
1854,5;120
1855,5;130
1856,5;130
1857,5;129
1858,5;127
1859,5;139
1860,5;111
1861,5;140
1862,5;137
1863,5;117
1864,5;128
1865,5;146
1866,5;126
1867,5;133
1868,5;162
1869,5;125
1870,5;135
1871,5;124
1872,5;131
1873,5;127
1874,5;134
1875,5;146
1876,5;153
1877,5;136
1878,5;142
1879,5;131
1880,5;138
1881,5;147
1882,5;117
1883,5;120
1884,5;169
1885,5;146
1886,5;142
1887,5;128
1888,5;113
1889,5;140
1890,5;140
1891,5;125
1892,5;161
1893,5;116
1894,5;111
1895,5;132
1896,5;145
1897,5;151
1898,5;133
1899,5;123
1900,5;142
1901,5;141
1902,5;140
1903,5;133
1904,5;128
1905,5;138
1906,5;136
1907,5;130
1908,5;136
1909,5;135
1910,5;139
1911,5;131
1912,5;134
1913,5;117
1914,5;134
1915,5;139
1916,5;141
1917,5;121
1918,5;114
1919,5;136
1920,5;129
1921,5;130
1922,5;117
1923,5;136
1924,5;131
1925,5;136
1926,5;131
1927,5;132
1928,5;110
1929,5;114
1930,5;122
1931,5;124
1932,5;128
1933,5;137
1934,5;119
1935,5;129
1936,5;127
1937,5;115
1938,5;123
1939,5;128
1940,5;112
1941,5;115
1942,5;116
1943,5;138
1944,5;126
1945,5;92
1946,5;119
1947,5;106
1948,5;111
1949,5;111
1950,5;130
1951,5;127
1952,5;123
1953,5;108
1954,5;119
1955,5;112
1956,5;97
1957,5;95
1958,5;115
1959,5;113
1960,5;116
1961,5;90
1962,5;109
1963,5;88
1964,5;122
1965,5;110
1966,5;104
1967,5;97
1968,5;115
1969,5;82
1970,5;90
1971,5;109
1972,5;95
1973,5;103
1974,5;90
1975,5;90
1976,5;77
1977,5;96
1978,5;98
1979,5;110
1980,5;96
1981,5;89
1982,5;87
1983,5;81
1984,5;87
1985,5;89
1986,5;94
1987,5;80
1988,5;66
1989,5;75
1990,5;78
1991,5;89
1992,5;56
1993,5;81
1994,5;71
1995,5;85
1996,5;79
1997,5;70
1998,5;78
1999,5;78
2000,5;69
2001,5;84
2002,5;84
2003,5;72
2004,5;78
2005,5;80
2006,5;77
2007,5;57
2008,5;58
2009,5;63
2010,5;64
2011,5;63
2012,5;60
2013,5;67
2014,5;64
2015,5;59
2016,5;61
2017,5;60
2018,5;59
2019,5;50
2020,5;67
2021,5;53
2022,5;58
2023,5;76
2024,5;46
2025,5;55
2026,5;49
2027,5;58
2028,5;62
2029,5;55
2030,5;47
2031,5;49
2032,5;53
2033,5;40
2034,5;43
2035,5;51
2036,5;43
2037,5;47
2038,5;47
2039,5;35
2040,5;46
2041,5;36
2042,5;40
2043,5;37
2044,5;29
2045,5;48
2046,5;32
2047,5;23
2048,5;36
2049,5;46
2050,5;39
2051,5;32
2052,5;29
2053,5;24
2054,5;34
2055,5;41
2056,5;36
2057,5;23
2058,5;36
2059,5;39
2060,5;25
2061,5;23
2062,5;32
2063,5;25
2064,5;18
2065,5;36
2066,5;30
2067,5;29
2068,5;21
2069,5;24
2070,5;22
2071,5;22
2072,5;29
2073,5;34
2074,5;24
2075,5;24
2076,5;25
2077,5;22
2078,5;22
2079,5;17
2080,5;19
2081,5;21
2082,5;24
2083,5;14
2084,5;25
2085,5;13
2086,5;11
2087,5;13
2088,5;15
2089,5;11
2090,5;13
2091,5;17
2092,5;15
2093,5;9
2094,5;10
2095,5;22
2096,5;14
2097,5;15
2098,5;19
2099,5;17
2100,5;9
2101,5;10
2102,5;11
2103,5;14
2104,5;11
2105,5;7
2106,5;8
2107,5;10
2108,5;12
2109,5;11
2110,5;12
2111,5;12
2112,5;7
2113,5;11
2114,5;15
2115,5;7
2116,5;7
2117,5;12
2118,5;8
2119,5;16
2120,5;15
2121,5;5
2122,5;14
2123,5;5
2124,5;11
2125,5;10
2126,5;7
2127,5;5
2128,5;5
2129,5;4
2130,5;8
2131,5;9
2132,5;6
2133,5;6
2134,5;11
2135,5;3
2136,5;4
2137,5;5
2138,5;8
2139,5;6
2140,5;8
2141,5;7
2142,5;1
2143,5;6
2144,5;7
2145,5;7
2146,5;9
2147,5;4
2148,5;3
2149,5;5
2150,5;4
2151,5;1
2152,5;8
2153,5;1
2154,5;4
2155,5;3
2156,5;4
2157,5;4
2158,5;3
2159,5;2
2160,5;3
2161,5;1
2162,5;5
2163,5;5
2164,5;2
2165,5;1
2166,5;2
2167,5;1
2168,5;0
2169,5;2
2170,5;3
2171,5;2
2172,5;3
2173,5;4
2174,5;1
2175,5;3
2176,5;2
2177,5;4
2178,5;1
2179,5;2
2180,5;2
2181,5;1
2182,5;3
2183,5;3
2184,5;0
2185,5;4
2186,5;0
2187,5;2
2188,5;2
2189,5;1
2190,5;0
2191,5;0
2192,5;2
2193,5;0
2194,5;0
2195,5;0
2196,5;1
2197,5;1
2198,5;1
2199,5;0
2200,5;0
2201,5;1
2202,5;2
2203,5;0
2204,5;2
2205,5;4
2206,5;0
2207,5;2
2208,5;1
2209,5;1
2210,5;2
2211,5;0
2212,5;0
2213,5;0
2214,5;0
2215,5;2
2216,5;0
2217,5;0
2218,5;1
2219,5;0
2220,5;3
2221,5;0
2222,5;0
2223,5;1
2224,5;0
2225,5;0
2226,5;1
2227,5;1
2228,5;1
2229,5;0
2230,5;1
2231,5;0
2232,5;1
2233,5;0
2234,5;0
2235,5;0
2236,5;1
2237,5;0
2238,5;0
2239,5;1
2240,5;0
2241,5;1
2242,5;1
2243,5;1
2244,5;0
2245,5;0
2246,5;0
2247,5;0
2248,5;0
2249,5;0
2250,5;1
2251,5;0
2252,5;1
2253,5;0
2254,5;0
2255,5;0
2256,5;0
2257,5;0
2258,5;1
2259,5;0
2260,5;0
2261,5;0
2262,5;1
2263,5;0
2264,5;0
2265,5;1
2266,5;0
2267,5;0
2268,5;0
2269,5;1
2270,5;0
2271,5;0
2272,5;1
2273,5;1
2274,5;0
2275,5;0
2276,5;0
2277,5;0
2278,5;0
2279,5;0
2280,5;0
2281,5;0
2282,5;0
2283,5;0
2284,5;0
2285,5;0
2286,5;0
2287,5;0
2288,5;0
2289,5;0
2290,5;0
2291,5;0
2292,5;0
2293,5;0
2294,5;0
2295,5;0
2296,5;0
2297,5;0
2298,5;0
2299,5;0
2300,5;0
2301,5;0
2302,5;0
2303,5;0
2304,5;0
2305,5;0
2306,5;0
2307,5;1
2308,5;0
2309,5;0
2310,5;0
2311,5;0
2312,5;0
2313,5;0
2314,5;0
2315,5;0
2316,5;0
2317,5;0
2318,5;0
2319,5;2
2320,5;0
2321,5;0
2322,5;0
2323,5;0
2324,5;0
2325,5;1
2326,5;0
2327,5;0
2328,5;1
2329,5;0
2330,5;0
2331,5;0
2332,5;1
2333,5;0
2334,5;0
2335,5;1
2336,5;0
2337,5;0
2338,5;0
2339,5;0
2340,5;0
2341,5;0
2342,5;0
2343,5;0
2344,5;0
2345,5;0
2346,5;0
2347,5;0
2348,5;0
2349,5;0
2350,5;0
2351,5;0
2352,5;0
2353,5;0
2354,5;0
2355,5;0
2356,5;0
2357,5;0
2358,5;0
2359,5;1
2360,5;0
2361,5;0
2362,5;1
2363,5;0
2364,5;0
2365,5;0
2366,5;0
2367,5;0
2368,5;0
2369,5;0
2370,5;0
2371,5;1
2372,5;0
2373,5;0
2374,5;0
2375,5;1
2376,5;0
2377,5;1
2378,5;0
2379,5;0
2380,5;0
2381,5;0
2382,5;0
2383,5;0
2384,5;1
2385,5;1
2386,5;0
2387,5;0
2388,5;0
2389,5;0
2390,5;0
2391,5;0
2392,5;0
2393,5;0
2394,5;0
2395,5;0
2396,5;0
2397,5;0
2398,5;0
2399,5;0
2400,5;0
2401,5;0
2402,5;0
2403,5;1
2404,5;0
2405,5;0
2406,5;0
2407,5;0
2408,5;0
2409,5;0
2410,5;0
2411,5;1
2412,5;0
2413,5;0
2414,5;0
2415,5;0
2416,5;0
2417,5;0
2418,5;0
2419,5;0
2420,5;0
2421,5;0
2422,5;0
2423,5;1
2424,5;0
2425,5;0
2426,5;0
2427,5;0
2428,5;0
2429,5;0
2430,5;0
2431,5;0
2432,5;0
2433,5;0
2434,5;0
2435,5;0
2436,5;0
2437,5;0
2438,5;0
2439,5;0
2440,5;0
2441,5;0
2442,5;0
2443,5;0
2444,5;0
2445,5;0
2446,5;0
2447,5;0
2448,5;0
2449,5;0
2450,5;0
2451,5;0
2452,5;0
2453,5;0
2454,5;0
2455,5;0
2456,5;0
2457,5;0
2458,5;0
2459,5;0
2460,5;0
2461,5;0
2462,5;0
2463,5;0
2464,5;0
2465,5;1
2466,5;1
2467,5;0
2468,5;0
2469,5;0
2470,5;0
2471,5;0
2472,5;0
2473,5;0
2474,5;0
2475,5;0
2476,5;0
2477,5;0
2478,5;0
2479,5;0
2480,5;0
2481,5;0
2482,5;1
2483,5;0
2484,5;0
2485,5;0
2486,5;0
2487,5;0
2488,5;0
2489,5;0
2490,5;0
2491,5;0
2492,5;0
2493,5;0
2494,5;0
2495,5;0
2496,5;0
2497,5;0
2498,5;0
2499,5;0
2500,5;1
2501,5;0
2502,5;0
2503,5;0
2504,5;0
2505,5;0
2506,5;0
2507,5;0
2508,5;0
2509,5;0
2510,5;0
2511,5;0
2512,5;0
2513,5;0
2514,5;0
2515,5;0
2516,5;0
2517,5;0
2518,5;0
2519,5;1
2520,5;0
2521,5;0
2522,5;0
2523,5;0
2524,5;0
2525,5;0
2526,5;0
2527,5;0
2528,5;0
2529,5;0
2530,5;0
2531,5;0
2532,5;0
2533,5;0
2534,5;0
2535,5;0
2536,5;1
2537,5;0
2538,5;0
2539,5;0
2540,5;0
2541,5;0
2542,5;0
2543,5;0
2544,5;0
2545,5;0
2546,5;0
2547,5;0
2548,5;0
2549,5;0
2550,5;0
2551,5;0
2552,5;0
2553,5;0
2554,5;0
2555,5;0
2556,5;1
2557,5;0
2558,5;0
2559,5;0
2560,5;1
2561,5;0
2562,5;1
2563,5;0
2564,5;0
2565,5;0
2566,5;0
2567,5;0
2568,5;0
2569,5;0
2570,5;0
2571,5;0
2572,5;0
2573,5;0
2574,5;0
2575,5;0
2576,5;0
2577,5;0
2578,5;0
2579,5;0
2580,5;0
2581,5;0
2582,5;0
2583,5;0
2584,5;0
2585,5;1
2586,5;0
2587,5;0
2588,5;0
2589,5;0
2590,5;0
2591,5;0
2592,5;0
2593,5;0
2594,5;0
2595,5;0
2596,5;1
2597,5;0
2598,5;0
2599,5;0
2600,5;0
2601,5;0
2602,5;0
2603,5;0
2604,5;0
2605,5;0
2606,5;0
2607,5;0
2608,5;0
2609,5;1
2610,5;0
2611,5;0
2612,5;0
2613,5;0
2614,5;0
2615,5;0
2616,5;0
2617,5;0
2618,5;0
2619,5;0
2620,5;0
2621,5;0
2622,5;0
2623,5;0
2624,5;0
2625,5;0
2626,5;0
2627,5;0
2628,5;0
2629,5;0
2630,5;0
2631,5;0
2632,5;0
2633,5;0
2634,5;0
2635,5;0
2636,5;0
2637,5;0
2638,5;0
2639,5;0
2640,5;0
2641,5;1
2642,5;0
2643,5;1
2644,5;0
2645,5;0
2646,5;0
2647,5;0
2648,5;0
2649,5;0
2650,5;0
2651,5;0
2652,5;0
2653,5;0
2654,5;0
2655,5;0
2656,5;0
2657,5;1
2658,5;0
2659,5;0
2660,5;0
2661,5;0
2662,5;0
2663,5;0
2664,5;0
2665,5;0
2666,5;0
2667,5;0
2668,5;0
2669,5;0
2670,5;0
2671,5;0
2672,5;0
2673,5;0
2674,5;0
2675,5;0
2676,5;0
2677,5;0
2678,5;0
2679,5;1
2680,5;0
2681,5;0
2682,5;0
2683,5;0
2684,5;1
2685,5;0
2686,5;0
2687,5;1
2688,5;0
2689,5;0
2690,5;0
2691,5;0
2692,5;1
2693,5;0
2694,5;0
2695,5;0
2696,5;0
2697,5;0
2698,5;0
2699,5;0
2700,5;0
2701,5;0
2702,5;0
2703,5;0
2704,5;0
2705,5;0
2706,5;2
2707,5;0
2708,5;0
2709,5;0
2710,5;1
2711,5;0
2712,5;0
2713,5;0
2714,5;0
2715,5;0
2716,5;0
2717,5;0
2718,5;0
2719,5;0
2720,5;0
2721,5;0
2722,5;1
2723,5;0
2724,5;0
2725,5;0
2726,5;0
2727,5;0
2728,5;0
2729,5;0
2730,5;0
2731,5;0
2732,5;0
2733,5;0
2734,5;0
2735,5;0
2736,5;0
2737,5;0
2738,5;0
2739,5;0
2740,5;0
2741,5;0
2742,5;0
2743,5;1
2744,5;0
2745,5;0
2746,5;1
2747,5;0
2748,5;0
2749,5;0
2750,5;0
2751,5;0
2752,5;0
2753,5;0
2754,5;0
2755,5;0
2756,5;0
2757,5;0
2758,5;0
2759,5;0
2760,5;0
2761,5;1
2762,5;0
2763,5;0
2764,5;0
2765,5;0
2766,5;0
2767,5;0
2768,5;0
2769,5;0
2770,5;0
2771,5;0
2772,5;0
2773,5;0
2774,5;0
2775,5;0
2776,5;0
2777,5;0
2778,5;0
2779,5;0
2780,5;0
2781,5;0
2782,5;0
2783,5;0
2784,5;0
2785,5;0
2786,5;0
2787,5;0
2788,5;0
2789,5;1
2790,5;0
2791,5;0
2792,5;0
2793,5;0
2794,5;0
2795,5;0
2796,5;0
2797,5;0
2798,5;1
2799,5;0
2800,5;0
2801,5;0
2802,5;1
2803,5;0
2804,5;0
2805,5;0
2806,5;0
2807,5;0
2808,5;0
2809,5;0
2810,5;0
2811,5;0
2812,5;0
2813,5;0
2814,5;1
2815,5;0
2816,5;0
2817,5;0
2818,5;0
2819,5;0
2820,5;0
2821,5;0
2822,5;0
2823,5;0
2824,5;0
2825,5;0
2826,5;0
2827,5;0
2828,5;0
2829,5;0
2830,5;0
2831,5;0
2832,5;0
2833,5;0
2834,5;0
2835,5;0
2836,5;0
2837,5;0
2838,5;0
2839,5;0
2840,5;0
2841,5;0
2842,5;0
2843,5;0
2844,5;0
2845,5;0
2846,5;0
2847,5;0
2848,5;0
2849,5;0
2850,5;0
2851,5;0
2852,5;0
2853,5;0
2854,5;0
2855,5;0
2856,5;0
2857,5;1
2858,5;0
2859,5;0
2860,5;0
2861,5;0
2862,5;1
2863,5;0
2864,5;1
2865,5;0
2866,5;0
2867,5;0
2868,5;0
2869,5;0
2870,5;0
2871,5;0
2872,5;0
2873,5;0
2874,5;0
2875,5;1
2876,5;0
2877,5;0
2878,5;0
2879,5;0
2880,5;0
2881,5;1
2882,5;0
2883,5;0
2884,5;0
2885,5;1
2886,5;0
2887,5;0
2888,5;0
2889,5;0
2890,5;0
2891,5;0
2892,5;0
2893,5;0
2894,5;0
2895,5;0
2896,5;0
2897,5;0
2898,5;0
2899,5;0
2900,5;0
2901,5;0
2902,5;0
2903,5;0
2904,5;0
2905,5;0
2906,5;0
2907,5;1
2908,5;0
2909,5;0
2910,5;0
2911,5;0
2912,5;0
2913,5;0
2914,5;0
2915,5;0
2916,5;0
2917,5;0
2918,5;0
2919,5;0
2920,5;0
2921,5;0
2922,5;0
2923,5;0
2924,5;0
2925,5;0
2926,5;0
2927,5;0
2928,5;0
2929,5;0
2930,5;0
2931,5;0
2932,5;0
2933,5;0
2934,5;0
2935,5;0
2936,5;0
2937,5;0
2938,5;0
2939,5;0
2940,5;0
2941,5;0
2942,5;0
2943,5;0
2944,5;0
2945,5;0
2946,5;0
2947,5;0
2948,5;0
2949,5;0
2950,5;0
2951,5;0
2952,5;0
2953,5;1
2954,5;0
2955,5;0
2956,5;0
2957,5;1
2958,5;0
2959,5;0
2960,5;0
2961,5;0
2962,5;0
2963,5;0
2964,5;0
2965,5;0
2966,5;0
2967,5;0
2968,5;0
2969,5;0
2970,5;0
2971,5;0
2972,5;0
2973,5;0
2974,5;0
2975,5;0
2976,5;0
2977,5;0
2978,5;0
2979,5;0
2980,5;0
2981,5;0
2982,5;0
2983,5;0
2984,5;0
2985,5;0
2986,5;0
2987,5;0
2988,5;0
2989,5;0
2990,5;0
2991,5;0
2992,5;0
2993,5;0
2994,5;0
2995,5;0
2996,5;0
2997,5;0
2998,5;0
2999,5;0
3000,5;0
3001,5;0
3002,5;0
3003,5;0
3004,5;0
3005,5;0
3006,5;0
3007,5;0
3008,5;0
3009,5;0
3010,5;0
3011,5;0
3012,5;0
3013,5;0
3014,5;0
3015,5;0
3016,5;1
3017,5;0
3018,5;0
3019,5;0
3020,5;0
3021,5;0
3022,5;0
3023,5;0
3024,5;0
3025,5;0
3026,5;0
3027,5;0
3028,5;0
3029,5;0
3030,5;1
3031,5;0
3032,5;0
3033,5;1
3034,5;0
3035,5;0
3036,5;0
3037,5;0
3038,5;0
3039,5;0
3040,5;0
3041,5;1
3042,5;0
3043,5;0
3044,5;1
3045,5;0
3046,5;0
3047,5;0
3048,5;0
3049,5;0
3050,5;0
3051,5;0
3052,5;0
3053,5;0
3054,5;0
3055,5;1
3056,5;0
3057,5;0
3058,5;0
3059,5;0
3060,5;0
3061,5;0
3062,5;0
3063,5;0
3064,5;0
3065,5;0
3066,5;0
3067,5;0
3068,5;0
3069,5;0
3070,5;0
3071,5;0
3072,5;0
3073,5;0
3074,5;0
3075,5;0
3076,5;0
3077,5;1
3078,5;0
3079,5;0
3080,5;0
3081,5;0
3082,5;0
3083,5;0
3084,5;0
3085,5;0
3086,5;0
3087,5;0
3088,5;0
3089,5;0
3090,5;0
3091,5;0
3092,5;0
3093,5;0
3094,5;0
3095,5;0
3096,5;0
3097,5;0
3098,5;0
3099,5;0
3100,5;0
3101,5;0
3102,5;0
3103,5;0
3104,5;0
3105,5;0
3106,5;0
3107,5;0
3108,5;0
3109,5;0
3110,5;0
3111,5;0
3112,5;0
3113,5;0
3114,5;0
3115,5;0
3116,5;0
3117,5;0
3118,5;0
3119,5;0
3120,5;0
3121,5;0
3122,5;0
3123,5;0
3124,5;0
3125,5;0
3126,5;0
3127,5;0
3128,5;0
3129,5;0
3130,5;0
3131,5;0
3132,5;0
3133,5;1
3134,5;0
3135,5;0
3136,5;0
3137,5;0
3138,5;0
3139,5;0
3140,5;0
3141,5;0
3142,5;0
3143,5;0
3144,5;0
3145,5;0
3146,5;0
3147,5;0
3148,5;0
3149,5;0
3150,5;0
3151,5;0
3152,5;0
3153,5;0
3154,5;0
3155,5;0
3156,5;0
3157,5;0
3158,5;0
3159,5;0
3160,5;0
3161,5;0
3162,5;0
3163,5;0
3164,5;0
3165,5;0
3166,5;0
3167,5;0
3168,5;0
3169,5;1
3170,5;0
3171,5;0
3172,5;0
3173,5;0
3174,5;0
3175,5;0
3176,5;0
3177,5;0
3178,5;0
3179,5;0
3180,5;0
3181,5;0
3182,5;0
3183,5;0
3184,5;0
3185,5;0
3186,5;0
3187,5;0
3188,5;0
3189,5;0
3190,5;0
3191,5;0
3192,5;0
3193,5;0
3194,5;0
3195,5;0
3196,5;0
3197,5;0
3198,5;0
3199,5;0
3200,5;0
3201,5;0
3202,5;0
3203,5;0
3204,5;0
3205,5;0
3206,5;0
3207,5;0
3208,5;0
3209,5;0
3210,5;0
3211,5;0
3212,5;0
3213,5;0
3214,5;0
3215,5;0
3216,5;0
3217,5;0
3218,5;0
3219,5;0
3220,5;0
3221,5;0
3222,5;0
3223,5;0
3224,5;0
3225,5;0
3226,5;0
3227,5;0
3228,5;0
3229,5;0
3230,5;0
3231,5;0
3232,5;1
3233,5;0
3234,5;0
3235,5;0
3236,5;0
3237,5;0
3238,5;0
3239,5;0
3240,5;0
3241,5;0
3242,5;0
3243,5;0
3244,5;0
3245,5;0
3246,5;0
3247,5;0
3248,5;0
3249,5;0
3250,5;0
3251,5;0
3252,5;0
3253,5;0
3254,5;0
3255,5;0
3256,5;0
3257,5;0
3258,5;0
3259,5;0
3260,5;1
3261,5;0
3262,5;0
3263,5;0
3264,5;0
3265,5;0
3266,5;0
3267,5;0
3268,5;0
3269,5;0
3270,5;0
3271,5;0
3272,5;0
3273,5;0
3274,5;0
3275,5;0
3276,5;0
3277,5;0
3278,5;0
3279,5;0
3280,5;0
3281,5;0
3282,5;0
3283,5;0
3284,5;0
3285,5;0
3286,5;0
3287,5;0
3288,5;0
3289,5;0
3290,5;0
3291,5;0
3292,5;1
3293,5;0
3294,5;0
3295,5;0
3296,5;0
3297,5;0
3298,5;0
3299,5;0
3300,5;0
3301,5;0
3302,5;0
3303,5;0
3304,5;0
3305,5;0
3306,5;0
3307,5;0
3308,5;0
3309,5;0
3310,5;0
3311,5;0
3312,5;0
3313,5;0
3314,5;0
3315,5;0
3316,5;0
3317,5;0
3318,5;0
3319,5;0
3320,5;0
3321,5;0
3322,5;0
3323,5;0
3324,5;0
3325,5;0
3326,5;0
3327,5;0
3328,5;1
3329,5;1
3330,5;0
3331,5;0
3332,5;0
3333,5;0
3334,5;0
3335,5;0
3336,5;0
3337,5;0
3338,5;0
3339,5;0
3340,5;0
3341,5;0
3342,5;0
3343,5;0
3344,5;0
3345,5;0
3346,5;0
3347,5;0
3348,5;0
3349,5;0
3350,5;0
3351,5;0
3352,5;0
3353,5;0
3354,5;1
3355,5;0
3356,5;0
3357,5;0
3358,5;0
3359,5;0
3360,5;0
3361,5;1
3362,5;0
3363,5;0
3364,5;1
3365,5;0
3366,5;0
3367,5;0
3368,5;0
3369,5;0
3370,5;0
3371,5;0
3372,5;0
3373,5;0
3374,5;0
3375,5;0
3376,5;0
3377,5;0
3378,5;0
3379,5;0
3380,5;0
3381,5;0
3382,5;0
3383,5;0
3384,5;0
3385,5;0
3386,5;1
3387,5;0
3388,5;0
3389,5;0
3390,5;0
3391,5;0
3392,5;0
3393,5;0
3394,5;0
3395,5;0
3396,5;0
3397,5;0
3398,5;0
3399,5;0
3400,5;0
3401,5;0
3402,5;0
3403,5;0
3404,5;0
3405,5;0
3406,5;0
3407,5;0
3408,5;0
3409,5;0
3410,5;0
3411,5;0
3412,5;0
3413,5;0
3414,5;0
3415,5;0
3416,5;0
3417,5;0
3418,5;0
3419,5;0
3420,5;0
3421,5;0
3422,5;0
3423,5;0
3424,5;0
3425,5;0
3426,5;0
3427,5;0
3428,5;0
3429,5;0
3430,5;0
3431,5;0
3432,5;0
3433,5;0
3434,5;0
3435,5;0
3436,5;0
3437,5;0
3438,5;1
3439,5;0
3440,5;0
3441,5;0
3442,5;0
3443,5;0
3444,5;0
3445,5;0
3446,5;0
3447,5;0
3448,5;0
3449,5;0
3450,5;0
3451,5;0
3452,5;0
3453,5;0
3454,5;0
3455,5;0
3456,5;0
3457,5;0
3458,5;0
3459,5;0
3460,5;0
3461,5;0
3462,5;0
3463,5;0
3464,5;0
3465,5;0
3466,5;0
3467,5;0
3468,5;1
3469,5;0
3470,5;0
3471,5;0
3472,5;0
3473,5;0
3474,5;0
3475,5;0
3476,5;0
3477,5;0
3478,5;0
3479,5;1
3480,5;0
3481,5;0
3482,5;0
3483,5;0
3484,5;0
3485,5;0
3486,5;0
3487,5;0
3488,5;0
3489,5;0
3490,5;0
3491,5;0
3492,5;0
3493,5;0
3494,5;0
3495,5;0
3496,5;0
3497,5;0
3498,5;0
3499,5;1
3500,5;0
3501,5;0
3502,5;0
3503,5;0
3504,5;0
3505,5;0
3506,5;0
3507,5;0
3508,5;0
3509,5;0
3510,5;0
3511,5;0
3512,5;0
3513,5;0
3514,5;0
3515,5;0
3516,5;0
3517,5;0
3518,5;0
3519,5;0
3520,5;0
3521,5;0
3522,5;0
3523,5;0
3524,5;0
3525,5;1
3526,5;0
3527,5;0
3528,5;0
3529,5;0
3530,5;0
3531,5;0
3532,5;0
3533,5;0
3534,5;1
3535,5;0
3536,5;1
3537,5;0
3538,5;0
3539,5;0
3540,5;0
3541,5;0
3542,5;0
3543,5;0
3544,5;0
3545,5;0
3546,5;0
3547,5;0
3548,5;0
3549,5;0
3550,5;0
3551,5;0
3552,5;0
3553,5;0
3554,5;0
3555,5;0
3556,5;0
3557,5;0
3558,5;0
3559,5;0
3560,5;0
3561,5;0
3562,5;0
3563,5;0
3564,5;0
3565,5;0
3566,5;0
3567,5;0
3568,5;0
3569,5;0
3570,5;0
3571,5;0
3572,5;0
3573,5;0
3574,5;0
3575,5;0
3576,5;0
3577,5;0
3578,5;0
3579,5;0
3580,5;0
3581,5;0
3582,5;0
3583,5;0
3584,5;0
3585,5;0
3586,5;0
3587,5;0
3588,5;0
3589,5;0
3590,5;0
3591,5;0
3592,5;0
3593,5;1
3594,5;0
3595,5;0
3596,5;0
3597,5;0
3598,5;1
3599,5;0
3600,5;0
3601,5;0
3602,5;0
3603,5;0
3604,5;0
3605,5;1
3606,5;0
3607,5;0
3608,5;0
3609,5;0
3610,5;0
3611,5;0
3612,5;0
3613,5;0
3614,5;0
3615,5;0
3616,5;0
3617,5;0
3618,5;0
3619,5;0
3620,5;0
3621,5;0
3622,5;0
3623,5;0
3624,5;0
3625,5;0
3626,5;0
3627,5;0
3628,5;0
3629,5;0
3630,5;0
3631,5;0
3632,5;0
3633,5;0
3634,5;0
3635,5;0
3636,5;0
3637,5;0
3638,5;0
3639,5;0
3640,5;0
3641,5;0
3642,5;0
3643,5;0
3644,5;0
3645,5;0
3646,5;0
3647,5;0
3648,5;0
3649,5;0
3650,5;0
3651,5;0
3652,5;0
3653,5;0
3654,5;0
3655,5;0
3656,5;0
3657,5;0
3658,5;0
3659,5;0
3660,5;0
3661,5;0
3662,5;0
3663,5;0
3664,5;0
3665,5;0
3666,5;0
3667,5;0
3668,5;0
3669,5;0
3670,5;0
3671,5;0
3672,5;0
3673,5;0
3674,5;1
3675,5;0
3676,5;0
3677,5;0
3678,5;0
3679,5;0
3680,5;1
3681,5;0
3682,5;0
3683,5;0
3684,5;0
3685,5;0
3686,5;0
3687,5;0
3688,5;0
3689,5;0
3690,5;0
3691,5;0
3692,5;0
3693,5;0
3694,5;0
3695,5;0
3696,5;0
3697,5;0
3698,5;0
3699,5;0
3700,5;0
3701,5;0
3702,5;0
3703,5;0
3704,5;0
3705,5;0
3706,5;0
3707,5;0
3708,5;0
3709,5;0
3710,5;0
3711,5;0
3712,5;0
3713,5;0
3714,5;0
3715,5;0
3716,5;0
3717,5;0
3718,5;0
3719,5;0
3720,5;0
3721,5;0
3722,5;0
3723,5;0
3724,5;0
3725,5;0
3726,5;0
3727,5;0
3728,5;0
3729,5;0
3730,5;0
3731,5;0
3732,5;0
3733,5;0
3734,5;0
3735,5;0
3736,5;0
3737,5;0
3738,5;1
3739,5;0
3740,5;0
3741,5;0
3742,5;0
3743,5;0
3744,5;0
3745,5;0
3746,5;0
3747,5;0
3748,5;0
3749,5;0
3750,5;0
3751,5;0
3752,5;0
3753,5;0
3754,5;0
3755,5;0
3756,5;0
3757,5;0
3758,5;0
3759,5;0
3760,5;0
3761,5;0
3762,5;0
3763,5;0
3764,5;0
3765,5;0
3766,5;0
3767,5;0
3768,5;0
3769,5;0
3770,5;0
3771,5;0
3772,5;0
3773,5;0
3774,5;0
3775,5;0
3776,5;0
3777,5;0
3778,5;0
3779,5;0
3780,5;0
3781,5;0
3782,5;0
3783,5;0
3784,5;0
3785,5;0
3786,5;0
3787,5;0
3788,5;0
3789,5;0
3790,5;0
3791,5;0
3792,5;0
3793,5;0
3794,5;0
3795,5;0
3796,5;0
3797,5;0
3798,5;0
3799,5;0
3800,5;0
3801,5;0
3802,5;1
3803,5;0
3804,5;0
3805,5;0
3806,5;0
3807,5;0
3808,5;0
3809,5;0
3810,5;0
3811,5;0
3812,5;0
3813,5;0
3814,5;0
3815,5;0
3816,5;0
3817,5;0
3818,5;0
3819,5;0
3820,5;0
3821,5;0
3822,5;0
3823,5;0
3824,5;0
3825,5;0
3826,5;0
3827,5;0
3828,5;0
3829,5;0
3830,5;0
3831,5;0
3832,5;0
3833,5;0
3834,5;1
3835,5;0
3836,5;0
3837,5;0
3838,5;0
3839,5;0
3840,5;0
3841,5;0
3842,5;0
3843,5;0
3844,5;0
3845,5;0
3846,5;0
3847,5;0
3848,5;0
3849,5;0
3850,5;1
3851,5;0
3852,5;0
3853,5;0
3854,5;0
3855,5;0
3856,5;0
3857,5;0
3858,5;0
3859,5;0
3860,5;0
3861,5;0
3862,5;0
3863,5;1
3864,5;0
3865,5;0
3866,5;0
3867,5;0
3868,5;0
3869,5;0
3870,5;0
3871,5;0
3872,5;0
3873,5;0
3874,5;0
3875,5;0
3876,5;0
3877,5;0
3878,5;0
3879,5;0
3880,5;0
3881,5;0
3882,5;0
3883,5;0
3884,5;0
3885,5;0
3886,5;0
3887,5;0
3888,5;0
3889,5;0
3890,5;0
3891,5;1
3892,5;0
3893,5;0
3894,5;0
3895,5;0
3896,5;0
3897,5;0
3898,5;0
3899,5;0
3900,5;0
3901,5;0
3902,5;0
3903,5;0
3904,5;0
3905,5;0
3906,5;0
3907,5;0
3908,5;0
3909,5;0
3910,5;0
3911,5;0
3912,5;0
3913,5;0
3914,5;0
3915,5;0
3916,5;0
3917,5;0
3918,5;0
3919,5;0
3920,5;0
3921,5;0
3922,5;1
3923,5;0
3924,5;0
3925,5;0
3926,5;0
3927,5;0
3928,5;0
3929,5;0
3930,5;1
3931,5;0
3932,5;0
3933,5;0
3934,5;0
3935,5;1
3936,5;0
3937,5;0
3938,5;0
3939,5;0
3940,5;0
3941,5;0
3942,5;0
3943,5;0
3944,5;0
3945,5;0
3946,5;0
3947,5;0
3948,5;1
3949,5;0
3950,5;0
3951,5;0
3952,5;0
3953,5;0
3954,5;0
3955,5;0
3956,5;0
3957,5;0
3958,5;0
3959,5;0
3960,5;0
3961,5;0
3962,5;0
3963,5;0
3964,5;0
3965,5;0
3966,5;0
3967,5;0
3968,5;0
3969,5;0
3970,5;0
3971,5;0
3972,5;0
3973,5;0
3974,5;0
3975,5;1
3976,5;0
3977,5;0
3978,5;0
3979,5;0
3980,5;0
3981,5;0
3982,5;0
3983,5;0
3984,5;0
3985,5;1
3986,5;0
3987,5;0
3988,5;0
3989,5;0
3990,5;0
3991,5;0
3992,5;0
3993,5;0
3994,5;0
3995,5;0
